id,name,host_id,host_name,neighbourhood_group,neighbourhood,latitude,longitude,room_type,price,minimum_nights,number_of_reviews,last_review,reviews_per_month,calculated_host_listings_count,availability_365,number_of_reviews_ltm,license
2992450,Luxury 2 bedroom apartment,4621559,Kenneth,,THIRD WARD,42.65789,-73.7537,Entire home/apt,,28,9,17/08/2022,0.07,1,280,0,
3820211,Restored Precinct in Center Sq. w/Parking,19648678,Terra,,SIXTH WARD,42.65222,-73.76724,Entire home/apt,115,2,306,14/10/2024,2.42,4,294,15,
5651579,Large studio apt  by Capital Center & ESP@,29288920,Gregg,,SECOND WARD,42.64615,-73.75966,Entire home/apt,75,2,370,28/10/2024,3.14,2,4,38,
6623339,Center Sq. Loft in Converted Precinct w/ Parking,19648678,Terra,,SIXTH WARD,42.65222,-73.76724,Entire home/apt,115,2,329,30/11/2024,2.82,4,337,22,
9005989,"Studio in The heart of Center SQ, in Albany NY",17766924,Sugey,,SIXTH WARD,42.65559,-73.76506,Entire home/apt,85,1,605,08/12/2024,5.9,1,355,29,
9501054,Spacious suite with full bath by Capital  Center,29288920,Gregg,,SECOND WARD,42.64734,-73.75851,Private room,65,2,404,11/11/2024,3.72,2,56,42,
10768745,Alb hospital area studio bath wifi. (Red),5691268,Elizabeth,,FOURTEENTH WARD,42.66078,-73.80553,Entire home/apt,50,1,739,23/12/2024,6.8,2,0,123,
11253948,/Fire Place Bungalow\ 1917 SUNY Eagle 6Beds 2Baths,4259750,Peter,,FIFTEENTH WARD,42.67567,-73.82438,Entire home/apt,180,1,174,03/01/2025,1.66,8,0,33,
11639446,$55twin($30 foreign student)FreeBF Noa/c no smoke,61700428,Adam,,ELEVENTH WARD,42.67583,-73.78297,Private room,55,15,231,29/02/2024,2.21,2,365,2,
12284708,"Well Lit Modern Room, Perfect Location Albany",36438637,Chad,,TENTH WARD,42.65912,-73.78349,Private room,45,18,61,26/10/2019,0.58,4,218,0,
12799126,Private Room in the Hearth of the Albany,69729286,Musab,,SIXTH WARD,42.65154,-73.76867,Private room,50,5,28,06/02/2024,0.53,2,363,1,
13083497,Pristine Cape Cod on the Creek - 4 Large Bedrooms,1364123,Akhilesh,,FIFTEENTH WARD,42.66972,-73.82753,Entire home/apt,219,2,187,09/11/2024,1.8,1,350,15,
14316232,"Unique Modern Room, Perfect Location Albany",36438637,Chad,,TENTH WARD,42.65726,-73.78219,Private room,45,18,51,02/09/2024,0.5,4,344,4,
14989805,/Miller Colonial\ 1946 SUNY Eagle Hill 5Bed 2Baths,4259750,Peter,,FIFTEENTH WARD,42.673512,-73.819679,Entire home/apt,184,1,106,21/12/2024,1.07,8,0,23,
15580397,Albany Medical/Dtwn Albany/Colleges/BLUE ROOM H.,89705052,Share,,NINTH WARD,42.65651,-73.77887,Private room,55,2,46,30/12/2024,0.5,4,114,8,
16531782,On a little park in Albany pine hills. (Blue),5691268,Elizabeth,,FOURTEENTH WARD,42.66075,-73.80605,Entire home/apt,70,1,466,06/12/2024,8.3,2,316,132,
17238066,"$53($25 foreign student)Twin, noa/cno
Smoke freeBF",61700428,Adam,,FIFTH WARD,42.67614,-73.78169,Private room,,15,132,01/08/2024,1.41,2,365,2,
17514620,Cozy Modern Room Perfect Location Albany,36438637,Chad,,TENTH WARD,42.6584,-73.78309,Private room,45,18,56,02/11/2024,0.59,4,345,4,
19527043,Charming 1 Bedroom in a Historic Residential Home,15223767,Ed,,NINTH WARD,42.65312,-73.78161,Private room,70,1,82,17/09/2024,1.08,3,183,11,
19571496,Modern Studio Perfect Location Albany,36438637,Chad,,TENTH WARD,42.6585,-73.78414,Private room,50,18,28,05/10/2024,0.35,4,344,2,
20519885,Spacious5BedroomHome SparklingClean InAlbany,67171774,Michael And Flerida,,FOURTEENTH WARD,42.65846,-73.80201,Entire home/apt,275,4,106,30/11/2024,1.22,1,348,16,
20620135,/Red Warhol Ranch\ 1959 SUNY Eagle Hill 4beds1Bath,4259750,Peter,,FIFTEENTH WARD,42.675,-73.82382,Entire home/apt,106,1,64,01/01/2025,0.73,8,346,9,
20633175,"Garden Apartment, on the Park, close to Capital.",65414985,James,,SEVENTH WARD,42.64939,-73.76865,Entire home/apt,136,2,131,12/05/2024,1.59,2,359,1,
20671966,The Metropolitan,98744672,Bela,,NINTH WARD,42.65532,-73.78244,Entire home/apt,80,2,45,19/12/2024,0.5,8,345,6,
21052414,Cozy bedroom with (2) walk-in closets,135717458,Chad,,THIRTEENTH WARD,42.66565,-73.77975,Private room,40,18,43,18/12/2024,0.54,3,337,3,
21392315,The Blair Suite,98744672,Bela,,NINTH WARD,42.65372,-73.78244,Entire home/apt,75,2,126,18/11/2024,1.45,8,365,16,
21449583,/zBig Blue Ranch\ 1962 SUNY Eagle Hill 4Beds 2Bath,4259750,Peter,,FIFTEENTH WARD,42.67547,-73.82402,Entire home/apt,570,4,8,27/07/2018,0.09,8,365,0,
21752534,"NEW LISTING! Modern, completely updated, LOCATION!",152762198,Allen,,TENTH WARD,42.66045,-73.77833,Entire home/apt,69,3,174,23/12/2024,2.01,9,365,21,
21769213,Cozy downstairs bedroom in quiet neighborhood!,135717458,Chad,,ELEVENTH WARD,42.66572,-73.77834,Private room,35,18,30,17/12/2024,0.35,3,191,8,
21769439,Cozy upstairs room with (1) walk-in closet,135717458,Chad,,ELEVENTH WARD,42.66703,-73.77842,Private room,39,18,25,12/12/2024,0.29,3,344,4,
22398196,Elegant Guest Suite in our beautiful Victorian!,98744672,Bela,,NINTH WARD,42.65501,-73.78122,Private room,60,2,118,21/12/2024,1.39,8,0,14,
24120690,One Bedroom apartment with private entrance,156446839,Domini,,FOURTEENTH WARD,42.65975,-73.81196,Private room,75,2,122,07/09/2024,1.49,1,4,5,
24606880,The Western Suite,98744672,Bela,,NINTH WARD,42.65431,-73.78178,Private room,60,2,46,28/10/2024,0.61,8,365,7,
25549565,Quiet and Pretty in the Heart of Center Square,9666970,Janet,,SIXTH WARD,42.65345,-73.7645,Entire home/apt,79,1,889,21/12/2024,11.1,1,145,128,
25976514,City Feel - Green Room,31757246,Leiba,,SIXTH WARD,42.65333,-73.77293,Private room,50,3,14,01/12/2024,0.18,1,359,2,
26139592,Garden Apartment in Ctr. Square: Monthly Discounts,6833937,Farah,,SIXTH WARD,42.65403,-73.76325,Entire home/apt,89,2,128,07/12/2024,1.64,1,299,22,
27670660,The Rock & Roll Suite,98744672,Bela,,NINTH WARD,42.65430832,-73.78177643,Private room,70,2,26,15/10/2024,0.36,8,294,5,
27692601,Albany Cozy home with fireplaces and Sunroom,202580880,Rosanne,,EIGHTH WARD,42.64514,-73.80668,Entire home/apt,195,3,14,08/10/2022,0.18,1,179,0,
28341274,Private room in historic building on the park,54394342,Alice,,SIXTH WARD,42.65821,-73.76917,Private room,75,1,89,08/11/2024,1.16,1,340,30,
28400263,Private Room in Historic Residential Home,15223767,Ed,,NINTH WARD,42.65464,-73.78348,Private room,50,1,267,11/12/2024,3.57,3,261,28,
28519423,Albany Medical/Dtwn Albany/Colleges/RED ROOM M.,89705052,Share,,TENTH WARD,42.65746,-73.77904,Private room,55,2,69,28/10/2024,0.91,4,117,12,
28722270,É?çHistoric Loft Suite @ Downtown Albany,44434571,Earl,,SECOND WARD,42.64535,-73.75365,Entire home/apt,78,1,669,01/01/2025,8.98,8,0,61,
28868857,ÉêCozy Garden Suite Full Amenities @Downtown Albany,44434571,Earl,,SECOND WARD,42.64535,-73.75365,Entire home/apt,52,1,596,01/01/2025,8.07,8,340,67,
28929840,"Spacious
private suite and private bath",194113768,Rachel,,FOURTH WARD,42.6737,-73.75313,Private room,95,1,7,09/06/2024,0.09,1,164,1,
29605579,Funky Urban 1 Bedroom Apt w/ Parking in Center Sq,19648678,Terra,,SIXTH WARD,42.65235,-73.76714,Entire home/apt,99,2,97,07/11/2024,1.29,4,323,9,
30189794,Seashore Suite At The Inn on South Lake,98744672,Bela,,NINTH WARD,42.6533,-73.78114,Private room,65,2,68,19/05/2024,0.94,8,191,4,
31210362,Nest in Hazel,160340958,Jon,,FIFTEENTH WARD,42.67519,-73.82281,Private room,49,2,29,26/10/2024,0.4,1,346,2,
32279028,"Cosy, comfy and quiet for one",172223381,Diana,,EIGHTH WARD,42.64936,-73.80278,Private room,60,1,207,17/10/2024,2.9,2,10,14,
32450400,Moroccan Sands,97330032,Sherrell,,FOURTH WARD,42.6761,-73.73825,Private room,122,3,1,28/10/2024,0.43,1,179,1,
32993402,É?˘Historic Full Amenities 2BR Apt @Downtown Albany,44434571,Earl,,SECOND WARD,42.64563,-73.75311,Entire home/apt,95,1,434,28/12/2024,6.15,8,237,31,
33558235,"Historic, Spacious & Fun 2BR Apt @ Downtown Albany",44434571,Earl,,SECOND WARD,42.64585,-73.75297,Entire home/apt,,1,433,02/01/2025,6.22,8,363,38,
34330970,Muhammed Ali Lounge & Pool Hall É™ΩÉ™≠,232967878,Diana,,SECOND WARD,42.64335,-73.7579,Entire home/apt,138,1,302,17/12/2024,4.44,23,84,61,
35793179,Cozy Bedroom in Historic Residential Home,15223767,Ed,,SEVENTH WARD,42.65259,-73.78223,Private room,50,1,185,22/12/2024,2.77,3,253,36,
35914565,The Poker Room É?œ Downtown Albany,232967878,Diana,,SECOND WARD,42.64506,-73.75727,Entire home/apt,127,1,302,19/11/2024,4.51,23,88,48,
36443605,Sophisticated Retreat: 2BR in heart of Albany,188679144,Elizabeth,,THIRTEENTH WARD,42.66619,-73.79031,Entire home/apt,100,2,54,14/08/2024,0.81,8,365,4,
38321579,Comfy and quiet,172223381,Diana,,EIGHTH WARD,42.65085,-73.80239,Private room,60,1,382,02/01/2025,5.89,2,134,101,
39093517,Center Square Safe 2 Bedroom Long  Stay w/ Parking,299638115,Dominick And Flerida,,SIXTH WARD,42.65507,-73.76138,Entire home/apt,120,3,41,24/08/2024,0.66,3,365,5,
39698576,Spacious Designer 1-Bed Near Albany Med,188679144,Elizabeth,,NINTH WARD,42.65483,-73.78033,Entire home/apt,85,5,23,22/09/2023,0.36,8,365,0,
39836487,Completely Renovated Center Square Top FL Studio,306508346,Adem,,SIXTH WARD,42.65547,-73.7651,Entire home/apt,70,1,311,02/01/2025,4.95,1,1,70,
39864828,Stunning Bungalo-style Loft in downtown Albany,10313615,Matthew,,FOURTH WARD,42.66091,-73.74285,Entire home/apt,274,1,228,04/05/2024,3.76,1,266,7,
40491172,"Renovated, private parking,location, washer dryer!",152762198,Allen,,THIRTEENTH WARD,42.66827,-73.79231,Entire home/apt,101,3,121,26/12/2024,1.96,9,356,22,
40828178,Comfortable! One Bedroom A/C Apartment Queen Bed,47491906,Lloyd,,FOURTH WARD,42.67773,-73.73899,Entire home/apt,109,1,168,10/11/2024,2.77,1,364,2,
41319631,Modern Carriage in the Heart of Albany,59864591,Daniel,,SIXTH WARD,42.65115,-73.7668,Entire home/apt,92,30,4,06/01/2023,0.09,1,337,0,
42009788,Center Square Sanctuary: Private 2-Bedroom Gem,188679144,Elizabeth,,SIXTH WARD,42.65315,-73.76202,Entire home/apt,110,7,24,24/12/2024,0.4,8,365,2,
42092736,Private Bedroom in Cozy Ranch Home,41400541,John,,FOURTEENTH WARD,42.66403,-73.81446,Private room,55,1,187,18/12/2024,3.15,1,141,59,
42391372,Central Albany Apartment: Walk to State Capitol!,121680792,Evolve,,SECOND WARD,42.6469,-73.75761,Entire home/apt,178,3,27,27/10/2022,0.49,6,277,0,
42567833,Homey,339085327,Arkady,,NINTH WARD,42.65567,-73.7854,Entire home/apt,200,70,0,,,1,365,0,
42763847,Charming dog friendly home with private yard!,649068,Anthony,,FIRST WARD,42.63876,-73.78535,Entire home/apt,145,1,105,21/12/2024,1.83,1,0,13,
43208391,Historic Downtown Albany Apartment,272907816,Angela,,SECOND WARD,42.64453,-73.75426,Entire home/apt,120,2,104,10/11/2024,1.99,4,89,25,
43459803,Luxury 1 bedroom Apt in the heart of Center Square,299638115,Dominick And Flerida,,SIXTH WARD,42.65556,-73.76205,Entire home/apt,107,4,17,29/10/2024,0.36,3,365,3,
43736299,*The Blue House* Incredible 3 Bedroom Apartment,349460842,Scott,,TENTH WARD,42.66257,-73.78281,Entire home/apt,200,1,131,28/10/2024,2.39,17,39,23,
43955950,* Quaint home located in residential neighborhood*,232967878,Diana,,EIGHTH WARD,42.64383,-73.78926,Entire home/apt,275,2,91,30/11/2024,1.66,23,63,24,
44180048,Historic Queen Studio Across from Washington Park!,355777684,Lloyd,,SIXTH WARD,42.65935,-73.76805,Entire home/apt,119,1,360,01/01/2025,6.61,3,0,42,
44265426,Parkside Queen 1 Bedroom (1800's) Brownstone!,355777684,Lloyd,,SIXTH WARD,42.66006,-73.76966,Entire home/apt,142,1,296,29/12/2024,5.48,3,344,16,
44450012,Spacious upscale luxury apartment with huge yard,353498132,Michael,,EIGHTH WARD,42.64808,-73.7996,Entire home/apt,120,13,26,26/11/2024,0.49,6,174,4,
45024912,Private Apt Queen 1 Bed Sanctuary with many Extras,362851072,Elsa,,FOURTEENTH WARD,42.66132,-73.7956,Entire home/apt,142,1,128,22/08/2024,2.41,1,365,8,
45074220,"Historic Albany, Loft Apartment",272907816,Angela,,SECOND WARD,42.64454,-73.75369,Entire home/apt,90,2,33,20/10/2024,0.82,4,89,4,
45313545,Adorable & Trendy 1 Bd Apt Minutes to Albany Med!,165293595,Kori,,NINTH WARD,42.6545,-73.78223,Entire home/apt,79,2,138,14/12/2024,2.69,1,177,38,
45334218,"3 bedrooms/pvt bath/Alb Med, colleges, Dtwn Alb.",89705052,Share,,TENTH WARD,42.65842,-73.77869,Private room,,2,0,,,4,21,0,
45528939,UNIQUE Gem in HEART of Albany É?? Spiral Staircase,47625981,Linda,,SECOND WARD,42.64801,-73.75668,Entire home/apt,120,1,97,28/10/2024,2.02,18,344,14,
45529316,WOW É?? Bright Apt É?? PRIME downtown Walk Everywhere,47625981,Linda,,SECOND WARD,42.64821,-73.75793,Entire home/apt,120,1,114,12/11/2024,2.37,18,345,21,
45529447,É?? 2 BEDROOM / 1 BATH TRENDY Apt É?? Downtown Albany,47625981,Linda,,SECOND WARD,42.64713,-73.75628,Entire home/apt,140,1,141,15/12/2024,2.95,18,340,24,
45804322,Home in Heart of Pine Hills,124848440,Emilie,,TENTH WARD,42.66137,-73.7904,Private room,97,1,169,26/12/2024,3.29,1,89,31,
46894493,Our Antique Bungalow,69789449,Dan,,NINTH WARD,42.65311,-73.78525,Entire home/apt,190,1,244,15/12/2024,5.12,1,298,52,
47334913,"Newly renovated,Amazing Location,private parking",152762198,Allen,,THIRTEENTH WARD,42.66646,-73.79184,Entire home/apt,92,3,84,27/11/2024,1.75,9,165,26,
47345872,Bright large 1 bdr loft in Center Sq -free parking,19648678,Terra,,SIXTH WARD,42.65345,-73.76663,Entire home/apt,115,1,59,23/12/2024,1.24,4,337,18,
47408047,"Quiet cozy apartment, private laundry, great spot!",152762198,Allen,,FOURTEENTH WARD,42.67156,-73.80883,Entire home/apt,80,3,61,12/12/2024,1.29,9,364,20,
47440071,Lux Loft Suite in Historic Jesse Buel House,382970529,Thomas,,THIRTEENTH WARD,42.6692,-73.79849,Private room,128,2,156,01/01/2025,3.23,14,80,43,
47828453,Holidays in Center Square Albany 2BR Apt w/Parking,299638115,Dominick And Flerida,,THIRD WARD,42.656,-73.76123,Entire home/apt,120,3,19,28/10/2024,0.4,3,365,4,
47902629,"Renovated 2br/2ba, close to Alb Med & St. Petes.",21886921,David,,THIRTEENTH WARD,42.66744,-73.79216,Entire home/apt,125,14,8,05/12/2024,0.18,2,261,1,
47943571,Downtown Albany 1 Bed + Workstation @ Maiden Lane,385664127,Dillon,,THIRD WARD,42.65118,-73.75274,Entire home/apt,92,2,156,30/10/2024,3.29,2,253,32,
48052353,*The Rustic Home* 3 Bedroom Second Floor Apartment,349460842,Scott,,TENTH WARD,42.66261,-73.78332,Entire home/apt,151,1,155,22/12/2024,3.27,17,333,14,
48124042,Downtown Albany 2 Bedroom + Workstation @ The Mark,385664127,Dillon,,THIRD WARD,42.64982,-73.7509,Entire home/apt,114,1,206,21/12/2024,4.96,2,133,43,
48172884,The Down Under Suite,98744672,Bela,,NINTH WARD,42.65399,-73.78126,Private room,50,2,72,23/11/2024,1.54,8,341,26,
48470454,"/ New Giant Victorian \ 7beds 6 baths + 2x 85"" TVs",4259750,Peter,,THIRTEENTH WARD,42.66526413,-73.78692627,Entire home/apt,426,2,42,01/12/2024,1.4,8,300,12,
49886937,VACATION TIME,219746338,Nicola,,FOURTH WARD,42.65854,-73.74926,Shared room,45,1,0,,,1,359,0,
50088935,Quiet 2-bedroom condo in the heart of Albany,172658781,Jessica,,THIRTEENTH WARD,42.66972,-73.79544,Entire home/apt,95,60,4,30/11/2022,0.1,3,273,0,
50171851,Beautiful Center Square Garden-Level Unit,48490017,Todd,,SIXTH WARD,42.65157,-73.76546,Entire home/apt,98,2,173,02/12/2024,4.19,1,51,37,
50207226,É?? RARE 1BR Apt with Character GREAT Location! W/DÉ??,47625981,Linda,,FOURTH WARD,42.65888,-73.74673,Entire home/apt,115,1,81,28/10/2024,1.86,18,332,12,
50211226,Quaint Studio By Washington Park | Walkable!,105597161,Kate And Jake,,ELEVENTH WARD,42.66034,-73.77163,Entire home/apt,105,2,178,28/12/2024,4.85,1,360,37,
50354540,Heart of Center Square: Designer 2-Bed Retreat,188679144,Elizabeth,,SIXTH WARD,42.65333,-73.76402,Entire home/apt,110,3,14,25/08/2024,0.32,8,344,5,
50639032,"Sunny Queen bed, Quiet w/Beautiful Garden",172539578,David Yisrael,,FIFTEENTH WARD,42.67945,-73.81647,Private room,48,3,45,06/12/2024,1.13,4,157,9,
50890336,"É??CHIC, Renovated BrownstoneÉ?? in PRIME DT Albany",47625981,Linda,,FOURTH WARD,42.65901,-73.74748,Entire home/apt,120,1,45,25/07/2024,1.08,18,361,6,
51230498,"Chic-romantic, center-city, hotel-style apartment.",414738935,Sonya,,THIRD WARD,42.66064,-73.76074,Entire home/apt,81,1,241,14/12/2024,5.73,1,82,38,
51461480,–?çüChic & Cozy Near Washington Park Garden Suite,416799784,Rosie,,TENTH WARD,42.65969,-73.77564,Entire home/apt,99,7,25,03/12/2024,0.64,1,159,4,
51503537,Walk to Everything Downtown Albany! Luxury Apt!,394420519,All Seasons,,THIRD WARD,42.65061,-73.75006,Entire home/apt,105,4,9,09/09/2024,0.22,1,179,2,
51560588,Steps 2 Capital,392074908,Jerry,,SIXTH WARD,42.65431,-73.75997,Entire home/apt,,365,42,10/09/2023,1.02,3,364,0,
51579900,É??MODERN 1BR GREAT Location Downtown! W/D Parking!É??,47625981,Linda,,FOURTH WARD,42.65856,-73.74866,Entire home/apt,110,1,74,28/10/2024,1.79,18,361,11,
51592836,Lovely 1 Bedroom Unit In Historic Brownstone!,60293220,David,,THIRD WARD,42.65844,-73.74978,Entire home/apt,99,2,87,30/10/2024,2.2,3,364,19,
51710034,Empire Plaza View I,392074908,Jerry,,SIXTH WARD,42.65269,-73.76076,Entire home/apt,98,2,38,24/10/2024,0.93,3,346,6,
51954621,Queen bed w/garden hammocks & home gym,172539578,David Yisrael,,FIFTEENTH WARD,42.67812,-73.81724,Private room,39,3,10,03/03/2023,0.26,4,58,0,
51960331,"Tuscan Garden Apt at Caf«∏ Capriccio Albany, NY",418024477,Marlene,,SECOND WARD,42.64684,-73.75614,Entire home/apt,125,1,105,29/12/2024,2.61,1,176,28,
51964868,Center Square,392074908,Jerry,,SIXTH WARD,42.65442,-73.7611,Entire home/apt,98,2,52,15/10/2023,1.29,3,360,0,
52152157,"Modern space, everything you could want!",152762198,Allen,,FIRST WARD,42.63066,-73.77357,Entire home/apt,99,3,66,30/11/2024,1.65,9,149,19,
52241973,Garden Apartment in Historic Center Square Home,35465673,Jason,,SIXTH WARD,42.65641,-73.76413,Entire home/apt,87,1,292,05/12/2024,7.44,1,75,97,
52611613,* Adorable home w/parking near great restaurants *,232967878,Diana,,NINTH WARD,42.65674,-73.79221,Entire home/apt,185,2,126,30/11/2024,3.21,23,238,28,
52615364,Unique one bedroom in the heart of downtown Albany,416465867,Chris,,THIRD WARD,42.65069,-73.75193,Entire home/apt,65,30,20,27/03/2022,0.51,1,142,0,
52619545,* Centrally located Eclectic vibe 2 bed w/parking,232967878,Diana,,THIRTEENTH WARD,42.67102,-73.79454,Entire home/apt,125,2,83,24/11/2024,2.1,23,85,13,
52691284,+ Perfect place to make memories with loved ones +,232967878,Diana,,TENTH WARD,42.66236,-73.79245,Entire home/apt,600,2,81,01/12/2024,2.06,23,81,24,
52836323,*Hidden gem w/in walking distance to Madison Ave *,232967878,Diana,,THIRTEENTH WARD,42.67242,-73.79292,Entire home/apt,150,1,85,16/11/2024,2.3,23,89,30,
52837196,É??MODERN 1BR Apt w/ PRIVATE deck! W/DÉ??,47625981,Linda,,FOURTH WARD,42.65812,-73.74837,Entire home/apt,115,1,70,16/11/2024,1.79,18,359,13,
52863776,Washington Parkside 1 Bedroom In 1800s Brownstone!,355777684,Lloyd,,SIXTH WARD,42.65826,-73.76944,Entire home/apt,109,1,187,24/11/2024,4.81,3,340,48,
52923647,Cozy 3BR House in Whitehall near DT Albany,428451585,Erwin,,EIGHTH WARD,42.64792,-73.79953,Entire home/apt,250,3,0,,,1,364,0,
53312101,* 1 bed near Times Union center & Egg w/parking *,232967878,Diana,,SECOND WARD,42.64369,-73.7581,Entire home/apt,85,2,57,21/12/2024,1.49,23,0,17,
53483727,Spacious Urban APT w/4BR & Office in Albany,433096110,Brian,,FOURTEENTH WARD,42.65824,-73.80114,Entire home/apt,186,1,150,04/01/2025,4.09,4,0,54,
53567589,Private Garden Apt in Downtown Albany|Pets Allowed,433096110,Brian,,SIXTH WARD,42.65204,-73.76655,Entire home/apt,109,1,242,03/01/2025,6.48,4,0,72,
53645427,É?? BEAUTIFUL  2 BED 2 BATH  w/ SOAKER TUB + W/DÉ??,47625981,Linda,,FOURTH WARD,42.65913,-73.74722,Entire home/apt,150,1,108,07/12/2024,2.89,18,350,33,
53860077,/ Gorgeous Garden Getaway\ 1943 SUNY Eagle Hill,4259750,Peter,,FIFTEENTH WARD,42.674675,-73.822861,Entire home/apt,,1,35,10/12/2024,1.03,8,358,19,
53971505,Charming 1 Bdrm Garden Apt in Historic Brownstone,60293220,David,,FOURTH WARD,42.65873,-73.7494,Entire home/apt,,13,3,31/12/2022,0.09,3,364,0,
54097694,B Unieke,438504176,Roland,,SECOND WARD,42.64683,-73.75662,Entire home/apt,300,1,0,,,1,364,0,
54126420,Beautiful 1 bedroom in a quiet residential area.,37769478,Erion,,TENTH WARD,42.66261,-73.79026,Entire home/apt,66,1,95,09/12/2024,3.04,11,359,33,
54126421,Beautiful Apartment in the heart of Albany,37769478,Erion,,SIXTH WARD,42.65422,-73.76996,Entire home/apt,95,1,64,28/10/2024,1.89,11,358,11,
54126427,Beautiful 1 bedroom In the heart of Albany,37769478,Erion,,SIXTH WARD,42.65403,-73.77056,Entire home/apt,95,1,114,12/12/2024,3.13,11,338,14,
54128829,Modern & Cozy Cntr Square Townhouse Gem from 1854,265709295,Richard & Priscela,,SIXTH WARD,42.65594,-73.76591,Entire home/apt,174,1,227,03/12/2024,6.48,2,347,45,
54150131,Charming 170-Year-Old Home in the Heart of Albany,432936385,Jared,,SIXTH WARD,42.65143,-73.76497,Entire home/apt,125,1,189,29/12/2024,5.54,1,315,78,
54232383,Lovely 2 bedroom unit with indoor fireplace.,272907816,Angela,,SECOND WARD,42.64459,-73.75392,Entire home/apt,125,2,5,06/11/2022,0.18,4,5,0,
54369238,"Cozy townhouse, close to hospital, free parking!",152762198,Allen,,NINTH WARD,42.65578,-73.78641,Entire home/apt,,3,43,27/11/2024,1.55,9,173,12,
54369240,Lovely 1 bedroom rental close to Alb Med!,152762198,Allen,,TENTH WARD,42.65905,-73.77964,Entire home/apt,79,3,49,14/12/2024,1.54,9,356,16,
5.5925E+17,Cozy 1 bedroom with office and luxurious King size,433884293,Uniah,,NINTH WARD,42.66062,-73.79112,Entire home/apt,75,6,2,26/06/2023,0.07,1,363,0,
5.63712E+17,/Purple Potty Penthouse\ 1928 Pine Hill 4Bed 1Bath,4259750,Peter,,THIRTEENTH WARD,42.66919,-73.78672,Entire home/apt,444,2,9,19/10/2024,0.26,8,364,3,
5.65172E+17,Lovely 1 bed apartment close to MVP Arena,232967878,Diana,,SECOND WARD,42.64342,-73.75742,Entire home/apt,118,1,91,28/10/2024,2.6,23,74,25,
5.81058E+17,É??UNIQUEÉ?? spacious LOFT with photo studio w/d!,47625981,Linda,,THIRD WARD,42.65848,-73.76359,Entire home/apt,115,1,43,18/11/2024,1.26,18,364,6,
5.88298E+17,Modern one bedroom with free off street parking,353498132,Michael,,SECOND WARD,42.64441,-73.75647,Entire home/apt,105,13,13,09/11/2024,0.42,6,277,4,
5.93272E+17,Lux Suite at the Historic Jesse Buel House.,382970529,Thomas,,THIRTEENTH WARD,42.66911,-73.79869,Private room,128,1,118,29/12/2024,3.86,14,76,41,
5.97655E+17,Newly refurbished 2 bedroom close to Lark,30920241,Miri,,SIXTH WARD,42.65314,-73.76787,Entire home/apt,214,60,11,28/10/2024,0.34,2,88,4,
6.10091E+17,COZY rental near hospitals! Off street parking,40548251,Reyana,,NINTH WARD,42.652049,-73.7949665,Entire home/apt,112,1,66,28/12/2024,2.52,1,350,38,
6.17242E+17,Iconic City Center Apt in Downtown | Pets Allowed,433096110,Brian,,SIXTH WARD,42.65353,-73.7679,Entire home/apt,110,1,152,29/12/2024,4.68,4,354,54,
6.18673E+17,"Huge loft with a king bed, balcony and park views",2554853,Nim,,SIXTH WARD,42.65547943,-73.76625061,Entire home/apt,135,5,7,27/07/2024,0.26,1,267,2,
6.19695E+17,Modern luxury one bedroom with off street parking,353498132,Michael,,SECOND WARD,42.64489,-73.75731,Entire home/apt,123,13,10,01/08/2024,0.33,6,152,5,
6.20481E+17,"Lovely renovated, 2-bedroom home with free parking",457678547,Najeem Adegbemiga,,SEVENTH WARD,42.640217,-73.780815,Entire home/apt,140,2,16,22/07/2024,0.55,1,33,4,
6.2196E+17,One-of-a-Kind Luxe Urban Farmhouse w/ Heated Pool,382970529,Thomas,,FOURTEENTH WARD,42.66762,-73.79919,Entire home/apt,1482,2,14,29/11/2024,0.46,14,346,7,
6.23102E+17,Walk everywhere! Stylish apartment for up to 5,1176120,Julia,,THIRD WARD,42.65723,-73.75684,Entire home/apt,89,1,177,01/01/2025,5.49,1,36,56,
6.23917E+17,Summer Ski Lodge in the City,392756169,Andrew,,SIXTH WARD,42.65444917,-73.76541776,Entire home/apt,124,1,0,,,1,364,0,
6.25347E+17,Charming Garden Apartment in Center Square,12742779,Kathryn,,SIXTH WARD,42.65347,-73.7662,Entire home/apt,110,1,247,18/12/2024,7.86,1,18,77,
6.28163E+17,É??SPACIOUS 1BR Apt w/ Character 10ft Ceilings W/D!É??,47625981,Linda,,SECOND WARD,42.64528,-73.75861,Entire home/apt,110,1,52,28/10/2024,1.65,18,358,16,
6.28824E+17,Clean lines and accessible Convenient Location!,7164949,Jordan,,THIRD WARD,42.66169975,-73.76466828,Private room,68,2,0,,,1,88,0,
6.31035E+17,É??PRIVATE 1 BDRM Newly Renovated Apt W/D PatioÉ??,47625981,Linda,,SECOND WARD,42.64558,-73.75928,Entire home/apt,109,1,54,20/10/2024,1.7,18,348,14,
6.31779E+17,Lovely 3-bedroom apartment with indoor fireplace.,272907816,Angela,,SECOND WARD,42.645252,-73.753433,Entire home/apt,,2,17,10/06/2024,0.74,4,0,6,
6.34108E+17,Perfect for Families and Traveling Professionals,119340359,Lori,,SIXTH WARD,42.65323,-73.76797,Entire home/apt,216,30,101,28/07/2024,3.2,2,87,27,
6.4657E+17,Peaceful 2 bedroom condo in the heart of Albany,172658781,Jessica,,THIRTEENTH WARD,42.66897,-73.79653,Entire home/apt,95,24,1,24/08/2024,0.22,3,150,1,
6.49974E+17,Modern luxury studio with free off street parking,353498132,Michael,,SECOND WARD,42.64625,-73.75663,Entire home/apt,90,14,8,26/11/2024,0.28,6,276,3,
6.53434E+17,Lovely apartment in heart of Albany,1761578,Grant,,SIXTH WARD,42.65389,-73.76538,Entire home/apt,130,2,6,21/10/2024,0.27,3,3,5,
6.54303E+17,É?? Private 1 bdrm w/ backyard access É?? In-unit W/D,47625981,Linda,,FOURTH WARD,42.65752,-73.74743,Entire home/apt,115,1,51,01/12/2024,1.69,18,295,15,
6.58161E+17,Lovely artist 1 bedroom apartment close to LARK,30920241,Miri,,SIXTH WARD,42.65128,-73.7686,Entire home/apt,,30,1,28/06/2024,0.16,2,0,1,
6.58638E+17,CHEERFULL 3 BEDROOM HOME WITH FREE PARKING.,466389096,Patrice,,FIRST WARD,42.6374547,-73.7716647,Entire home/apt,159,5,5,22/09/2023,0.17,2,330,0,
6.62133E+17,Beautiful 4 bedroom house Large eat in kitchen,466389096,Patrice,,FIRST WARD,42.6378819,-73.7715269,Entire home/apt,139,7,2,12/08/2024,0.07,2,309,1,
6.67645E+17,Pied-a-terre albany,439560254,Sean,,SIXTH WARD,42.65541381,-73.76367521,Entire home/apt,118,2,93,26/12/2024,3.13,1,85,32,
6.68608E+17,The Rose Room at Historic Buel House,382970529,Thomas,,FOURTEENTH WARD,42.66758,-73.7992,Private room,96,1,125,28/12/2024,4.14,14,80,39,
6.68608E+17,The Silk and Sun Room at Historic Jesse Buel House,382970529,Thomas,,FOURTEENTH WARD,42.66764,-73.79908,Private room,96,1,101,11/11/2024,3.36,14,82,28,
6.77623E+17,**New Listing! Modern 2 bdrm Apt in Mansion Area!,203631769,Johnny,,SECOND WARD,42.64531,-73.75963,Entire home/apt,,2,28,29/09/2023,0.96,1,0,0,
6.81952E+17,Albany-2 bedrooms apt (1st fl) A&A-Sisters Rental,461579260,Md,,SECOND WARD,42.646896,-73.757612,Entire home/apt,140,1,3,31/03/2024,0.13,2,5,1,
6.87497E+17,Albany-3 bedrooms apt (2nd fl) A&A-Sisters Rental,461579260,Md,,SECOND WARD,42.64621,-73.75723,Entire home/apt,170,1,4,28/05/2023,0.15,2,16,0,
6.89719E+17,"Elegant, spacious studio apt in historic mansion",1717342,David,,SIXTH WARD,42.65405765,-73.760713,Entire home/apt,96,1,229,02/01/2025,7.89,2,231,91,
6.92808E+17,Relax in Style by Washington Park - Free Parking,67337944,Rabia,,ELEVENTH WARD,42.6623,-73.777,Entire home/apt,125,1,103,28/10/2024,4.18,1,125,42,
7.03552E+17,Cozy Albany Home,3650672,Zuhair,,THIRTEENTH WARD,42.67075,-73.79704,Entire home/apt,168,2,3,25/08/2024,0.55,1,144,3,
7.0566E+17,Luxurious one bedroom with off-street parking,353498132,Michael,,SECOND WARD,42.64577,-73.7583,Entire home/apt,109,13,6,21/11/2024,0.24,6,245,3,
7.17373E+17,Centrally located 2 bed w/ off street parking,232967878,Diana,,THIRTEENTH WARD,42.67261,-73.79262,Entire home/apt,142,1,56,30/11/2024,2.1,23,89,27,
7.23957E+17,"Modern home, King Bed 4 bed 2bath, Crib, parking",10279606,Nori,,NINTH WARD,42.65691,-73.78389,Entire home/apt,199,1,206,23/12/2024,7.91,2,194,93,
7.24567E+17,Cozy Greenwood Flat (1 BDR Apartment in Albany),360287870,Mela,,SIXTH WARD,42.6513719,-73.7673156,Entire home/apt,117,2,55,30/12/2024,3.36,1,338,38,
7.33965E+17,Historic 1 bed/ 1 bath,502037254,Andrew,,SIXTH WARD,42.65035,-73.76549,Entire home/apt,68,14,1,26/03/2023,0.05,3,157,0,
7.3588E+17,Modern & Homey 1BD/1BA Fl 1 Apt @ Downtown Albany,44434571,Earl,,THIRD WARD,42.64564,-73.75261,Entire home/apt,83,1,66,29/12/2024,2.48,8,349,36,
7.36894E+17,Lovely private room in center square for $700/mo,77367219,Elizabeth,,SIXTH WARD,42.65643,-73.76402,Private room,60,30,3,05/10/2024,0.12,1,276,1,
7.37574E+17,4 bed all on one floor,232967878,Diana,,TENTH WARD,42.66069,-73.78555,Entire home/apt,185,1,44,27/10/2024,1.68,23,63,12,
7.39723E+17,Adirondack Suite #1,98744672,Bela,,NINTH WARD,42.6543178,-73.7818222,Private room,55,2,34,24/11/2024,1.27,8,302,15,
7.436E+17,Cozy apartment 2min walk to Albanymed office space,484673863,Blossom Estates,,NINTH WARD,42.65569,-73.77685,Entire home/apt,72,2,11,31/12/2024,0.45,3,359,7,
7.44431E+17,"1 Bedroom on Lincoln Park, near Lark and Downtown",65414985,James,,SEVENTH WARD,42.6496,-73.76792,Entire home/apt,91,2,25,01/12/2024,1.18,2,358,16,
7.50749E+17,Clean Escape- Centrally located- Self Check-In,255839958,Kira,,SEVENTH WARD,42.64284,-73.77997,Entire home/apt,131,1,17,06/08/2024,0.66,1,309,6,
7.51421E+17,Modern- Cozy Center City 2 Bedroom Apartment Style,486073806,Keneisha,,FIFTH WARD,42.66648,-73.76831,Entire home/apt,114,2,26,20/10/2024,1.14,1,360,13,
7.52119E+17,Cozy luxury brownstone w/ parking & yard,258664571,Vorakij,,SECOND WARD,42.64439385,-73.75975702,Entire home/apt,111,2,76,14/12/2024,3.35,2,342,44,
7.52337E+17,Penthouse Brownstone w/ luxury amenities,258664571,Vorakij,,SECOND WARD,42.6444412,-73.7597141,Entire home/apt,111,1,76,08/12/2024,3.61,2,353,52,
7.56753E+17,Private Room in the Center of the Albany,69729286,Musab,,SIXTH WARD,42.65259,-73.76732,Private room,50,5,15,23/03/2024,0.61,2,178,3,
7.57342E+17,Elegant Studio in Center Square,188679144,Elizabeth,,SIXTH WARD,42.65534,-73.76461,Entire home/apt,70,7,13,05/12/2024,0.5,8,309,4,
7.57978E+17,Charming location near universities & hospital,232967878,Diana,,THIRTEENTH WARD,42.67261,-73.79262,Entire home/apt,123,2,41,28/10/2024,1.81,23,82,19,
7.61142E+17,"Great place in the heart of Albany, with Parking",37769478,Erion,,SIXTH WARD,42.65405,-73.76953,Entire home/apt,89,1,44,28/09/2024,1.76,11,279,24,
7.64509E+17,Rest+Restore Room É?Ω Short & Extended Stay É?Ω,6203319,Melissa,,TENTH WARD,42.66117,-73.79091,Private room,75,1,30,11/11/2024,1.17,3,89,22,
7.70934E+17,Albany 2 Bedroom House,48328222,John,,FOURTEENTH WARD,42.6631926,-73.8153245,Entire home/apt,122,1,6,28/12/2024,2.07,1,54,6,
7.74701E+17,Entire cozy unit in Albany,261036923,Hasan,,FOURTEENTH WARD,42.6601,-73.80719,Entire home/apt,80,1,54,21/12/2024,2.2,1,263,21,
7.75646E+17,Casa Coquette+King Bed w/En Suite+Center Sq 2 min,115597810,Massiel,,SIXTH WARD,42.6518469,-73.7642072,Entire home/apt,130,14,47,20/10/2024,1.91,1,115,26,
7.84781E+17,Private bedroom and private bath w/separate entry,491907850,Donna,,FOURTEENTH WARD,42.66298,-73.81361,Private room,60,1,15,31/07/2024,0.65,1,69,4,
7.86181E+17,Center Square Gem: Junior 1 Bedroom,188679144,Elizabeth,,THIRD WARD,42.65653,-73.76223,Entire home/apt,74,1,3,27/01/2024,0.18,8,337,1,
7.86197E+17,Mansion in Albany 7minutes to Downtown Albany,444163492,Drasana,,FOURTH WARD,42.67996,-73.75352,Entire home/apt,,30,13,25/02/2024,0.57,1,0,3,
7.86228E+17,Glamorous 1BR Retreat in Center Square,188679144,Elizabeth,,SIXTH WARD,42.65322,-73.76249,Entire home/apt,101,7,4,09/11/2024,0.26,8,364,3,
7.86316E+17,Elegant newly renovated cozy smart apartment,253824490,Tomar & Kash,,FIFTH WARD,42.65915031,-73.75431933,Entire home/apt,,2,36,09/09/2024,1.54,1,0,5,
7.87024E+17,*The Allen House* Gorgeous Apartment - Sleeps 8,349460842,Scott,,FOURTEENTH WARD,42.6653,-73.7943,Entire home/apt,182,1,94,30/12/2024,4.15,17,360,51,
7.88301E+17,Spacious 2 bed w/parking,232967878,Diana,,SECOND WARD,42.64409,-73.75709,Entire home/apt,150,1,63,09/11/2024,2.57,23,87,24,
7.94723E+17,Updated 3/1 unit for Professionals and Families,20144241,Carla,,FIFTH WARD,42.67283,-73.77367,Entire home/apt,98,3,13,21/12/2024,0.66,1,72,7,
7.95542E+17,Victorian Mansion on Washington Park,493882819,Terra,,NINTH WARD,42.656329,-73.7752048,Private room,,1,5,18/08/2024,0.29,6,0,4,
7.96231E+17,Washington Park Inn 4,493882819,Terra,,NINTH WARD,42.65582,-73.77541,Private room,141,1,12,01/12/2024,0.68,6,356,7,
7.97455E+17,Albany Medical/colleges/Dtwn Albany/Green ROOM O,89705052,Share,,TENTH WARD,42.65741,-73.78034,Private room,60,2,14,30/09/2024,0.59,4,109,4,
7.98715E+17,Cozy 1st Floor Apartment near the NYS Museum,491607190,Nessie,,SIXTH WARD,42.65038,-73.76664,Entire home/apt,95,1,13,28/10/2024,0.56,2,10,6,
8.02217E+17,Washington Park Inn 6,493882819,Terra,,SIXTH WARD,42.65751,-73.77409,Private room,137,1,6,13/10/2024,0.35,6,359,2,
8.03605E+17,3br/2ba Near Alb Med & St.Petes.,21886921,David,,FOURTEENTH WARD,42.66691,-73.79338,Entire home/apt,125,14,3,09/11/2024,0.16,2,283,2,
8.03682E+17,Modern and Cozy Pine Hills Home from Early 1900s,265709295,Richard & Priscela,,THIRTEENTH WARD,42.6702921,-73.7907283,Entire home/apt,164,1,8,29/11/2024,0.83,2,360,8,
8.03814E+17,Washington Park Inn - Room 5,493882819,Terra,,NINTH WARD,42.656329,-73.775205,Private room,139,1,6,11/10/2024,0.34,6,355,3,
8.03868E+17,Washington Park Inn 1,493882819,Terra,,NINTH WARD,42.656329,-73.775205,Private room,137,1,9,29/10/2024,0.5,6,356,5,
8.06768E+17,& Modern Luxury Cottage in Central ALB,110453341,Alexis,,FIFTH WARD,42.6684126,-73.7684199,Entire home/apt,102,1,36,20/10/2024,1.53,1,249,16,
8.09525E+17,Two bedroom apartment near hospitals pet friendly,172658781,Jessica,,NINTH WARD,42.65613972,-73.79212238,Entire home/apt,90,30,0,,,3,178,0,
8.1364E+17,The front room w/ TV and king size bed,116935236,Fs,,THIRTEENTH WARD,42.67144,-73.79033,Private room,55,2,12,31/08/2024,0.69,4,364,2,
8.16085E+17,Cozy Apartment across the Park,37769478,Erion,,SIXTH WARD,42.65258,-73.76917,Entire home/apt,71,1,31,06/12/2024,1.33,11,363,6,
8.21566E+17,COMFY Room/w Private BATH + TV,177073982,Cristian,,FOURTEENTH WARD,42.66109,-73.80479,Private room,55,2,3,30/11/2023,0.13,2,183,0,
8.23276E+17,Cozy Home 5 Minute Walk to Albany Medical Center,500360485,Manjano,,SIXTH WARD,42.65184,-73.77074,Entire home/apt,,7,0,,,1,0,0,
8.26302E+17,2 br apt 2 min walk to albanymed offstreet parking,484673863,Blossom Estates,,NINTH WARD,42.65613,-73.77469,Entire home/apt,,1,20,01/01/2025,0.87,3,350,5,
8.31123E+17,Boho-Chic Cape Conveniently Located,210596861,Craig,,FIFTEENTH WARD,42.67076,-73.82612,Entire home/apt,233,2,86,29/12/2024,3.87,1,237,43,
8.41524E+17,Mellow Cove,462042479,Natasha,,SIXTH WARD,42.66008,-73.76977,Entire home/apt,120,3,6,09/07/2024,0.37,2,364,5,
8.41524E+17,Cozy Cove Away From Home,462042479,Natasha,,SIXTH WARD,42.65987,-73.77025,Entire home/apt,120,3,12,03/12/2023,0.65,2,356,0,
8.43481E+17,Center Square Serenity: 2-Bedroom Elegance,188679144,Elizabeth,,SIXTH WARD,42.65483,-73.76353,Entire home/apt,99,1,2,04/09/2023,0.09,8,364,0,
8.4596E+17,Modern Cottage-Perfect for Families!,268741708,Antoinette,,FIRST WARD,42.63504,-73.79833,Entire home/apt,324,2,91,10/11/2024,4.18,1,89,48,
8.46586E+17,Spacious Home Away from Home!,49372011,Philip,,TWELFTH WARD,42.67336,-73.78619,Entire home/apt,167,3,18,24/08/2024,0.85,2,3,7,
8.4946E+17,Your luxury home away from home,1761578,Grant,,SIXTH WARD,42.65432,-73.76531,Entire home/apt,270,2,1,18/02/2024,0.09,3,267,1,
8.50173E+17,Stunning Guest Suite in Historic 1874 Row House,120815848,Phat,,SECOND WARD,42.6446,-73.75885,Private room,95,1,150,04/01/2025,7.03,1,0,90,
8.50654E+17,"Private queen room near Albany Med, UAlbany",20536619,Emily,,THIRTEENTH WARD,42.67177,-73.79464,Private room,65,3,13,29/10/2024,0.74,5,61,8,
8.57982E+17,Updated Historic Brownstone Apt.,60293220,David,,THIRD WARD,42.65817,-73.74935,Entire home/apt,93,2,19,11/11/2024,0.96,3,314,8,
8.70457E+17,Quiet Room Near Everything,177073982,Cristian,,FOURTEENTH WARD,42.66128,-73.80548,Private room,55,3,4,02/03/2024,0.26,2,188,2,
8.79055E+17,Hot tub + close to everything!,24423279,Leslie,,FOURTEENTH WARD,42.66065,-73.80439,Entire home/apt,169,7,0,,,1,263,0,
8.80291E+17,Spacious 3BR with 2BA & Laundry,49372011,Philip,,ELEVENTH WARD,42.67355,-73.78496,Entire home/apt,155,2,26,02/09/2024,1.29,2,160,8,
8.81232E+17,Exposed Brick with Park Views,37769478,Erion,,SIXTH WARD,42.65379,-73.76901,Entire home/apt,80,1,15,23/11/2024,0.73,11,364,7,
8.8223E+17,Modern / Downtown Albany 1 BR APT,512736975,Miguelino,,TENTH WARD,42.6599733,-73.7747433,Entire home/apt,66,2,58,10/12/2024,2.9,1,63,30,
8.87168E+17,The Comfort II,459472925,Gabriel,,THIRD WARD,42.66246,-73.76576,Private room,40,1,25,11/11/2024,1.29,2,338,12,
8.87179E+17,The Comfort,459472925,Gabriel,,THIRD WARD,42.6628771,-73.7653403,Private room,40,1,29,15/11/2024,1.45,2,341,18,
8.88859E+17,Walk to Downtown Albany: Ten Broeck Triangle Apt!,121680792,Evolve,,THIRD WARD,42.65822,-73.75132,Entire home/apt,106,2,13,03/11/2024,0.65,6,347,10,
8.98744E+17,"Airy 5Br-2Ba,Kids Rm, 6TVs,Pvt Fence-yard&Parking!",516414095,Rashawn,,TENTH WARD,42.66087,-73.78655,Entire home/apt,199,2,48,28/12/2024,2.54,1,85,20,
9.02166E+17,2 bdrm Modern & Hip Apt w/ Patio,47625981,Linda,,SEVENTH WARD,42.64787,-73.76707,Entire home/apt,155,1,47,10/11/2024,2.49,18,363,26,
9.02327E+17,"""The LEO Home"" Private Bedroom 4",349460842,Scott,,TENTH WARD,42.66174,-73.78325,Private room,63,30,0,,,17,277,0,
9.04393E+17,/Luxury Modern Western Hideout\,4259750,Peter,,THIRTEENTH WARD,42.6652959,-73.7868778,Entire home/apt,153,1,18,08/12/2024,0.94,8,116,11,
9.05007E+17,*The Red House* 4 BedroomsÉ?ΩBeautifully Renovated,349460842,Scott,,TENTH WARD,42.66217,-73.78299,Entire home/apt,232,1,57,28/12/2024,3.15,17,279,39,
9.10156E+17,Exclusive | Suite ~ Extended Stay,6203319,Melissa,,TENTH WARD,42.66292,-73.7909,Private room,,1,1,26/07/2023,0.06,3,0,0,
9.17511E+17,"R&R | Hospitals, Colleges + Politics",6203319,Melissa,,TENTH WARD,42.66261,-73.79158,Private room,,1,10,29/09/2024,0.55,3,0,3,
9.1764E+17,Everything you need! Modern Gem on New Scotland,471810429,Maria,,SEVENTH WARD,42.65194,-73.78593,Entire home/apt,,2,121,17/12/2024,6.45,2,351,51,
9.19056E+17,Room for rent,502751555,Grace,,FIFTH WARD,42.67292,-73.7776,Private room,93,1,0,,,1,364,0,
9.21076E+17,Work hard! Play hard!,521669673,Kody,,THIRD WARD,42.6586,-73.75743,Entire home/apt,80,14,3,21/12/2024,0.17,4,268,1,
9.28949E+17,Newly Renovated Gem in Melrose - Pet Friendly,441054845,Thaddeus,,THIRTEENTH WARD,42.67066,-73.79571,Entire home/apt,62,1,55,01/01/2025,3.13,2,235,43,
9.32619E+17,Cozy space all on 1 floor close to U Albany,232967878,Diana,,THIRTEENTH WARD,42.67261,-73.79264,Entire home/apt,145,1,40,01/12/2024,2.22,23,89,35,
9.32642E+17,Stylish top floor apt w/parking,232967878,Diana,,THIRTEENTH WARD,42.67224,-73.79301,Entire home/apt,125,1,36,29/11/2024,2.03,23,89,26,
9.34035E+17,Washington Park Inn 7,493882819,Terra,,SIXTH WARD,42.65655,-73.77434,Private room,,1,8,06/10/2024,0.45,6,0,5,
9.37838E+17,Hudson 2 at The Argus Hotel,526358730,Argus,,SIXTH WARD,42.65867,-73.77479,Private room,195,1,2,31/12/2023,0.12,12,126,0,
9.37838E+17,Hudson 1 at The Argus Hotel,526358730,Argus,,ELEVENTH WARD,42.6606,-73.77284,Private room,166,1,7,16/10/2024,0.46,12,136,3,
9.37871E+17,Everything you need! Modern Gem on New Scotland,471810429,Maria,,SEVENTH WARD,42.65184,-73.78582,Entire home/apt,170,2,68,21/12/2024,3.95,2,0,13,
9.37917E+17,Hudson 3 ADA at The Argus Hotel,526358730,Argus,,TENTH WARD,42.65908,-73.77456,Private room,166,1,6,14/10/2024,0.35,12,141,2,
9.37928E+17,Hudson 4 at The Argus Hotel,526358730,Argus,,TENTH WARD,42.66043,-73.77432,Private room,166,1,2,12/10/2024,0.48,12,126,2,
9.37935E+17,Hudson 5 at The Argus Hotel,526358730,Argus,,SIXTH WARD,42.65847,-73.77272,Private room,166,1,4,28/10/2024,0.27,12,128,3,
9.37944E+17,Whalen 1 Suite at The Argus Hotel,526358730,Argus,,SIXTH WARD,42.65908,-73.77326,Private room,,1,2,06/10/2024,0.16,12,128,1,
9.3796E+17,Whalen 2 Deluxe at The Argus Hotel,526358730,Argus,,TENTH WARD,42.66003,-73.7732,Private room,,1,0,,,12,132,0,
9.37967E+17,Whalen 3 at The Argus Hotel,526358730,Argus,,SIXTH WARD,42.65857,-73.7744,Private room,,1,0,,,12,137,0,
9.3826E+17,Whalen 4 at The Argus Hotel,526358730,Argus,,SIXTH WARD,42.65893,-73.77448,Private room,180,1,0,,,12,136,0,
9.38266E+17,Knickerbocker 1 The Argus Hotel,526358730,Argus,,TENTH WARD,42.66037,-73.77327,Private room,180,1,0,,,12,138,0,
9.38272E+17,Knickerbocker 3 The Argus Hotel,526358730,Argus,,SIXTH WARD,42.65868,-73.77333,Private room,,1,0,,,12,142,0,
9.3828E+17,Carriage House The Argus Hotel,526358730,Argus,,TENTH WARD,42.66036,-73.7729,Entire home/apt,338,1,15,08/12/2024,0.87,12,118,11,
9.38421E+17,"The backroom with TV, Queen bed and extra futon",116935236,Fs,,ELEVENTH WARD,42.6708367,-73.7853116,Private room,55,2,23,17/12/2024,1.3,4,280,15,
9.38432E+17,The little room with TV and twin bed,116935236,Fs,,THIRTEENTH WARD,42.66974,-73.78611,Private room,40,2,27,02/01/2025,1.52,4,364,24,
9.38476E+17,Colorful and eclectic apartment,132766782,Kelly,,TWELFTH WARD,42.67398,-73.79126,Entire home/apt,125,3,8,30/11/2024,0.92,1,268,8,
9.40012E+17,Sunny King bed w private luxurious bath & garden,172539578,David Yisrael,,FIFTEENTH WARD,42.68001107,-73.81705996,Private room,51,3,5,07/12/2024,0.3,4,25,3,
9.4275E+17,The spacious room w/ dresser/desk,116935236,Fs,,ELEVENTH WARD,42.67034,-73.7851,Private room,55,2,17,31/12/2024,1.42,4,259,17,
9.50211E+17,"Historic, Spacious Mansion Suite",1717342,David,,SIXTH WARD,42.6541815,-73.7608605,Entire home/apt,,1,138,15/12/2024,8.18,2,231,98,
9.50614E+17,A beautiful cozy home,529844022,Shirin,,FIRST WARD,42.63855,-73.76927,Entire home/apt,,1,0,,,1,0,0,
9.57914E+17,"2 bedroom+home office, private parking & backyard",217254883,Ermenita,,NINTH WARD,42.6549886,-73.7939094,Entire home/apt,139,1,99,09/12/2024,5.87,1,351,72,
9.582E+17,Oasis Garden Apt w/Queen Bed,172539578,David Yisrael,,FIFTEENTH WARD,42.6789628,-73.81724462,Entire home/apt,129,3,19,17/12/2024,1.39,4,161,18,
9.63921E+17,Comfy studio in heart of Albany,189586864,Justin,,SIXTH WARD,42.65241,-73.77002,Entire home/apt,89,1,73,29/12/2024,4.42,1,361,65,
9.69887E+17,1st Floor Room at Historic Abba House Retreat,382970529,Thomas,,FOURTEENTH WARD,42.66877,-73.79927,Private room,70,1,84,29/12/2024,5.83,14,249,82,
9.80034E+17,Chic Madison Parkview,241123402,JShing,,SIXTH WARD,42.65312775,-73.76950465,Entire home/apt,107,1,21,13/11/2024,1.4,1,323,17,
9.83307E+17,The House That Pat Built,114183978,Tyrell,,FIFTH WARD,42.66628,-73.76512,Entire home/apt,120,2,4,18/04/2024,0.27,1,62,3,
9.8901E+17,Modern 1BR in a great location,75667477,Ahmad,,THIRD WARD,42.65515516,-73.76052583,Entire home/apt,85,30,5,01/10/2024,0.33,1,225,3,
9.89897E+17,Minutes from hospitals and Universities,109133858,Priscilla,,THIRTEENTH WARD,42.6716,-73.79799,Entire home/apt,218,1,2,29/11/2024,0.19,1,269,2,
9.9212E+17,Two bedroom close to colleges!,152762198,Allen,,FOURTEENTH WARD,42.67098,-73.80695,Entire home/apt,,3,15,28/10/2024,0.98,9,0,11,
9.93431E+17,Albany 3 Bedroom Apt. Sleeps 6,309980121,Ron,,SIXTH WARD,42.65623,-73.7641152,Entire home/apt,,14,12,29/02/2024,0.8,1,0,7,
9.99162E+17,"Spacious Apartment Downtown Albany, NY",531209536,Amar,,THIRD WARD,42.65762,-73.75116,Entire home/apt,140,2,32,29/12/2024,2.15,1,164,27,
1.00498E+18,Elegant Albany Retreat | Mins to D/T & UAlbany,31318080,Cindy,,EIGHTH WARD,42.6555,-73.81066,Entire home/apt,164,2,40,23/12/2024,3.7,1,146,40,
1.00598E+18,Massive 4BD/3BA 2-Fl Townhouse Apt Downtown Albany,44434571,Earl,,SECOND WARD,42.6453489,-73.7536465,Entire home/apt,187,1,45,01/01/2025,3.1,8,323,39,
1.00735E+18,Top floor w/off street parking,232967878,Diana,,TENTH WARD,42.66091,-73.78453,Entire home/apt,189,1,33,29/11/2024,2.31,23,89,26,
1.01076E+18,Cozy Room w/ Walk-In Closet in Historic Home,382970529,Thomas,,THIRTEENTH WARD,42.67003,-73.79771,Private room,52,1,50,24/12/2024,3.49,14,252,39,
1.01076E+18,Cozy Room w/ Walk-In Closet in Historic Home,382970529,Thomas,,THIRTEENTH WARD,42.66971,-73.79755,Private room,56,1,52,20/12/2024,3.64,14,251,40,
1.01366E+18,Cozy 2nd Floor Room in Historic Manor Retreat,382970529,Thomas,,FOURTEENTH WARD,42.66873,-73.7993,Private room,65,1,19,24/12/2024,1.33,14,90,9,
1.01474E+18,Newly Renovated Modern Look Historical Building,51050977,Manny,,NINTH WARD,42.6572643,-73.7769051,Entire home/apt,77,3,1,29/06/2024,0.16,1,18,1,
1.01539E+18,áß´áß›Ü˙?Ç›?Üß?á??ë˜∏Ç›˘Ü¯èÜÒ?,182509542,Yan,,NINTH WARD,42.6558992,-73.7965699,Private room,24,1,0,,,1,84,0,
1.01605E+18,Heart of Albany - Downtown Near Everything,42708277,Rodney,,SIXTH WARD,42.65539,-73.76416,Entire home/apt,84,1,30,04/12/2024,2.1,6,171,27,
1.0183E+18,Comfy Room in Spacious Historic Manor Retreat,382970529,Thomas,,THIRTEENTH WARD,42.66996,-73.79816,Private room,68,1,74,29/12/2024,5.27,14,265,67,
1.01897E+18,1 Comfy Bedroom Across the Park,37769478,Erion,,SIXTH WARD,42.6535,-73.77046,Entire home/apt,65,1,54,21/11/2024,3.91,11,359,48,
1.02052E+18,Downtown Studio,233515764,Etem,,SECOND WARD,42.64714,-73.75466,Entire home/apt,77,1,113,31/12/2024,8.56,4,64,110,
1.02099E+18,*Beautiful* Spacious Prime DT 1 Bedroom Apt w GYM,47625981,Linda,,THIRD WARD,42.6586,-73.76421,Entire home/apt,119,1,16,29/11/2024,1.18,18,262,15,
1.02101E+18,*Spacious* Modern 1 Bedroom RARE Apt w GYM,47625981,Linda,,THIRD WARD,42.65971,-73.76382,Entire home/apt,119,1,26,29/11/2024,1.95,18,269,23,
1.02305E+18,Great home in Albany,496990578,Brian,,ELEVENTH WARD,42.66838,-73.77868,Entire home/apt,129,2,67,14/12/2024,5.03,1,87,64,
1.03472E+18,"*Huge, bright, private 2Bedroom*",130404008,Michael,,THIRD WARD,42.65711,-73.75133,Entire home/apt,92,14,2,01/09/2024,0.38,1,62,2,
1.04062E+18,Safe - Sweet -Serene - Long Term,42708277,Rodney,,SIXTH WARD,42.65447,-73.76078,Entire home/apt,90,1,39,17/12/2024,3.15,6,125,38,
1.04357E+18,2 bed room Apartment,212885959,Osas,,SECOND WARD,42.63976,-73.75705,Entire home/apt,110,1,18,28/10/2024,1.64,1,215,18,
1.04646E+18,Spacious & Comfortable Bedroom,192312997,Natasha,,ELEVENTH WARD,42.67169,-73.78828,Private room,85,1,7,28/10/2024,0.96,1,261,7,
1.05154E+18,Renovated Cozy 1920É??s Apartment,31994990,Gonca,,SEVENTH WARD,42.64478,-73.7764,Entire home/apt,53,28,1,30/09/2024,0.31,2,236,1,
1.05238E+18,Charming Bungalow in Albany!,52464523,Dashima,,FIRST WARD,42.64081,-73.77463,Entire home/apt,120,30,7,01/01/2025,0.57,1,365,6,
1.05607E+18,two private bedrooms near hospitals & schools,20536619,Emily,,THIRTEENTH WARD,42.6714,-73.79431,Private room,118,4,1,22/08/2024,0.22,5,61,1,
1.05647E+18,"Bonjour, Bienvenue A Chez Pierre",553112010,Linda,,TWELFTH WARD,42.7149,-73.87649,Private room,103,2,1,26/10/2024,0.42,1,268,1,
1.06181E+18,Massive 5BD/4BA 3-Story Duplex @ Downtown Albany,44434571,Earl,,SECOND WARD,42.64418,-73.75316,Entire home/apt,325,1,13,30/11/2024,1.23,8,207,13,
1.06253E+18,"private twin room near hospitals, schools",20536619,Emily,,THIRTEENTH WARD,42.67096,-73.79514,Private room,61,4,10,27/10/2024,0.88,5,76,10,
1.07278E+18,The BluebirdÉ??s Nest,426223840,Antonio,,ELEVENTH WARD,42.66391566,-73.77786946,Entire home/apt,91,1,33,25/08/2024,2.94,1,268,33,
1.07318E+18,In the heart of Albany,31994990,Gonca,,SEVENTH WARD,42.64473,-73.77641,Entire home/apt,53,20,2,02/09/2024,0.39,2,15,2,
1.07544E+18,The Tangerine Door,542733174,Rebecca,,TWELFTH WARD,42.67908,-73.79505,Entire home/apt,165,2,19,26/12/2024,1.69,1,243,19,
1.07974E+18,Lark St Oasis: Parking & Laundry,119340359,Lori,,SIXTH WARD,42.65607,-73.76345,Entire home/apt,122,30,6,10/03/2024,0.56,2,41,6,
1.09078E+18,Newly renovated cozy apartment !,521669673,Kody,,THIRD WARD,42.65975,-73.76311,Entire home/apt,68,14,1,24/11/2024,0.7,4,268,1,
1.0908E+18,Work hard and relax !,521669673,Kody,,THIRD WARD,42.65874,-73.76302,Entire home/apt,68,14,0,,,4,268,0,
1.09142E+18,2 bed with parking off Madison,232967878,Diana,,TENTH WARD,42.65988,-73.78486,Entire home/apt,160,2,15,28/10/2024,1.57,23,89,15,
1.0915E+18,Triplex oasis w:parking near MVP,232967878,Diana,,SECOND WARD,42.64409,-73.75709,Entire home/apt,89,2,45,18/12/2024,4.33,23,82,45,
1.0972E+18,Cozy 1-Bedroom Apt in Albany (Entire Apartment),360806709,Gloria,,SEVENTH WARD,42.64149,-73.77925,Entire home/apt,82,1,35,31/12/2024,6.82,1,73,35,
1.098E+18,New Center square studio,232967878,Diana,,SIXTH WARD,42.65269,-73.76567,Entire home/apt,93,2,33,30/11/2024,3.28,23,84,33,
1.10088E+18,"Homey, Quiet 2BR W/ Washer Dryer",152762198,Allen,,FOURTEENTH WARD,42.67008,-73.80691,Entire home/apt,99,3,24,23/12/2024,2.7,9,155,24,
1.10298E+18,Lovely 1 bedroom across the Park,37769478,Erion,,SIXTH WARD,42.65289,-73.76834,Entire home/apt,71,1,38,08/11/2024,3.77,11,364,38,
1.1053E+18,Downtown Brownstone with a View!,14817455,Matt,,THIRD WARD,42.65749,-73.75263,Entire home/apt,140,7,0,,,1,231,0,
1.10806E+18,downtown,539608284,Joyhefsiba,,THIRD WARD,42.66141,-73.76361,Private room,31,30,0,,,1,364,0,
1.11122E+18,Historical Pastures,418250661,Stephanie,,THIRD WARD,42.6564469,-73.7507251,Entire home/apt,116,3,7,01/10/2024,0.73,1,333,7,
1.11969E+18,Serene 1BR Escape: Walk to Eateries & Parks in ALB,472965048,Matt,,SIXTH WARD,42.65348,-73.7637,Entire home/apt,88,1,7,27/10/2024,0.77,2,175,7,
1.11984E+18,1 bed 1 bath Apartment,477328400,Tyler,,SEVENTH WARD,42.64885,-73.76523,Entire home/apt,100,1,38,24/11/2024,4.62,1,17,38,
1.12021E+18,"Walkable 1BR Apt w| Fire Pit, Near Empire Plaza!",472965048,Matt,,SIXTH WARD,42.65194,-73.76526,Entire home/apt,88,1,21,08/12/2024,2.24,2,175,21,
1.1217E+18,Cozy apartment in Albany,1761578,Grant,,SIXTH WARD,42.65314,-73.76546,Entire home/apt,100,2,5,28/10/2024,0.55,3,269,5,
1.12323E+18,"Modern townhouse 2 Bedrooms, King Bed, parking",10279606,Nori,,FIFTEENTH WARD,42.66901,-73.82402,Entire home/apt,115,1,35,26/12/2024,3.99,2,237,35,
1.12456E+18,Charming 1BR Near Capitol-Dwntwn,46312980,Robert,,SECOND WARD,42.646032,-73.760482,Entire home/apt,85,3,2,17/08/2024,0.28,2,213,2,
1.12463E+18,Modern Duplex - Historical Home,46312980,Robert,,SECOND WARD,42.646032,-73.760482,Entire home/apt,110,3,4,24/08/2024,0.45,2,215,4,
1.12833E+18,Downtown Albany Vacation Rental - Chic & Walkable!,121680792,Evolve,,THIRD WARD,42.65694,-73.75449,Entire home/apt,106,2,3,28/07/2024,0.43,6,63,3,
1.12839E+18,Welcome home travelers,502037254,Andrew,,SEVENTH WARD,42.64893,-73.76886,Entire home/apt,75,25,2,03/08/2024,0.31,3,183,2,
1.13126E+18,"Modern 2 BR near MVP Arena, Colleges, Airport",440509865,John,,FIFTEENTH WARD,42.6748535,-73.81692445,Entire home/apt,180,1,24,15/12/2024,4.83,1,333,24,
1.13494E+18,Calling all travelers,521669673,Kody,,THIRD WARD,42.65909,-73.75691,Entire home/apt,70,14,1,03/05/2024,0.12,4,268,1,
1.13581E+18,Cozy Bedrooms in Albany,522436003,Adriana,,THIRTEENTH WARD,42.6689614,-73.7890379,Private room,40,28,0,,,3,269,0,
1.13643E+18,"""The LEO Home"" Private Bedroom 1",349460842,Scott,,THIRTEENTH WARD,42.66368,-73.78128,Private room,56,30,0,,,17,182,0,
1.14153E+18,North Allen,522436003,Adriana,,THIRTEENTH WARD,42.6689614,-73.7890379,Private room,,28,0,,,3,243,0,
1.14283E+18,Safe Comfy Cozy 2 bedrooms.,574235481,Lavern,,FIRST WARD,42.64094,-73.7767,Entire home/apt,,2,4,06/07/2024,0.49,1,0,4,
1.14283E+18,Great area-Patio-Off Street Parking-Quiet,129023424,Riccardo,,THIRTEENTH WARD,42.67105,-73.7995,Entire home/apt,119,7,5,29/09/2024,0.67,1,267,5,
1.14624E+18,Larson Green,233515764,Etem,,SIXTH WARD,42.6524924,-73.7674361,Entire home/apt,,1,37,26/12/2024,4.55,4,86,37,
1.14635E+18,491 Washington Ave FL1Rare,575030103,Rehan,,ELEVENTH WARD,42.66259,-73.7733,Private room,55,2,14,30/11/2024,1.74,2,250,14,
1.14709E+18,Larson Blue,233515764,Etem,,SIXTH WARD,42.65274,-73.76779,Entire home/apt,90,1,46,01/11/2024,5.56,4,89,46,
1.15061E+18,Albany historic Washington Park,576083630,Joseph,,SIXTH WARD,42.6586049,-73.7680329,Entire home/apt,124,2,9,28/10/2024,1.14,1,89,9,
1.15806E+18,"""The Albany Allen Home"" Private Bedroom 1",349460842,Scott,,TENTH WARD,42.66428,-73.79249,Private room,56,30,2,29/11/2024,0.47,17,269,2,
1.15824E+18,Funky loft studio,502037254,Andrew,,THIRD WARD,42.65845,-73.75926,Entire home/apt,98,30,0,,,3,258,0,
1.16465E+18,*Private Entrance* Cozy Apt Bright + Modern W/D,47625981,Linda,,SEVENTH WARD,42.64727,-73.76758,Entire home/apt,119,1,10,16/11/2024,1.58,18,342,10,
1.16951E+18,/A luxuryhome Near NYSCapital sleeps 10+W/D Grill\,580892646,Crystal,,SECOND WARD,42.64444,-73.75686,Entire home/apt,399,2,8,29/12/2024,1.4,3,163,8,
1.17038E+18,/An Oasis 8 ppl Yard Grill W/D\,580892646,Crystal,,SECOND WARD,42.64349,-73.75906,Entire home/apt,301,2,2,31/07/2024,0.32,3,160,2,
1.1718E+18,Walk to convention center:Lark St:Capital,232967878,Diana,,SIXTH WARD,42.65314,-73.7653,Entire home/apt,150,1,24,14/12/2024,3.41,23,75,24,
1.17189E+18,/A spacious suite: King/Queen beds Grill WD yard\,580892646,Crystal,,SECOND WARD,42.64462,-73.75764,Private room,200,2,0,,,3,167,0,
1.17339E+18,New near major medical facility,232967878,Diana,,SEVENTH WARD,42.64442,-73.77938,Entire home/apt,250,2,13,19/12/2024,2.29,23,37,13,
1.17454E+18,"Spacious, Modern Gem in Melrose - Pet Friendly",441054845,Thaddeus,,THIRTEENTH WARD,42.66894,-73.79549,Entire home/apt,107,1,40,27/12/2024,5.88,2,238,40,
1.17524E+18,Furnished 4 bed vintage home,20536619,Emily,,THIRTEENTH WARD,42.67276,-73.79332,Entire home/apt,,20,0,,,5,0,0,
1.18257E+18,Limited Time Listing,42708277,Rodney,,SIXTH WARD,42.6534205,-73.7639758,Entire home/apt,96,1,16,03/11/2024,2.45,6,87,16,
1.18346E+18,Upscale Listing-Heart of Albany,42708277,Rodney,,SIXTH WARD,42.65227,-73.7646,Entire home/apt,102,1,12,14/10/2024,2.08,6,85,12,
1.18346E+18,Upscale Listing Prime Location,42708277,Rodney,,SIXTH WARD,42.6524,-73.76351,Entire home/apt,96,1,5,01/12/2024,0.78,6,59,5,
1.18466E+18,NEW studio w/2 beds near MVP,232967878,Diana,,SECOND WARD,42.64409,-73.75709,Entire home/apt,145,1,12,16/11/2024,1.88,23,89,12,
1.18554E+18,Empire Plaza Apartment,29483818,Ben,,SIXTH WARD,42.65327,-73.76181,Entire home/apt,80,1,71,03/01/2025,11.27,1,83,71,
1.18559E+18,"""The Albany Allen Home"" Private Bedroom 3",349460842,Scott,,FOURTEENTH WARD,42.66612,-73.79275,Private room,70,30,0,,,17,269,0,
1.18759E+18,House near major medical center,232967878,Diana,,NINTH WARD,42.65502,-73.79183,Entire home/apt,250,1,16,21/12/2024,2.61,23,0,16,
1.18925E+18,Beautiful 2 Bedroom with Parking,37769478,Erion,,SIXTH WARD,42.65333,-73.7711,Entire home/apt,110,1,13,14/12/2024,3.55,11,349,13,
1.18925E+18,Lovely 1 Bedroom with Parking,37769478,Erion,,TENTH WARD,42.66215,-73.79048,Entire home/apt,80,1,19,17/12/2024,3.24,11,362,19,
1.19147E+18,Shanawaz family home,478739541,Shanawaz,,EIGHTH WARD,42.65777,-73.8177,Private room,90,1,2,19/07/2024,0.34,1,364,2,
1.19646E+18,Albany Vacation Rental w/ State Capitol Views!,121680792,Evolve,,SIXTH WARD,42.65521,-73.76497,Entire home/apt,215,5,0,,,6,317,0,
1.19859E+18,"""The LEO Home"" Private Bedroom 2",349460842,Scott,,TENTH WARD,42.66269,-73.78163,Private room,56,30,0,,,17,182,0,
1.20153E+18,Traveling Medical Professionals,413566290,Victoria,,NINTH WARD,42.65506736,-73.79768461,Private room,,2,4,01/09/2024,0.71,1,0,4,
1.2087E+18,"""The Albany Allen Home"" Private Bedroom 5",349460842,Scott,,TENTH WARD,42.6639,-73.7927,Private room,36,30,0,,,17,309,0,
1.20931E+18,"private queen room near AMC, UAlbany",20536619,Emily,,THIRTEENTH WARD,42.67318,-73.79345,Private room,65,5,2,27/10/2024,0.67,5,88,2,
1.21088E+18,Charming Home,147780154,Julia,,EIGHTH WARD,42.65812,-73.81912,Entire home/apt,199,3,0,,,1,358,0,
1.2233E+18,Cozy Remote Workplace,42708277,Rodney,,TENTH WARD,42.66119,-73.77536,Entire home/apt,87,1,9,11/11/2024,2.13,6,84,9,
1.22385E+18,"493 Washington Ave, Albany 12206, 1st Floor",575030103,Rehan,,ELEVENTH WARD,42.6633254,-73.7742255,Entire home/apt,110,3,3,28/10/2024,1.07,2,361,3,
1.22398E+18,"Apartment w/ Deck in Albany, Walk to Downtown!",121680792,Evolve,,SIXTH WARD,42.65679,-73.76334,Entire home/apt,96,2,12,24/11/2024,2.61,6,355,12,
1.22418E+18,White Cozy Room,522436003,Adriana,,THIRTEENTH WARD,42.66859,-73.78832,Private room,55,28,1,04/10/2024,0.32,3,278,1,
1.22929E+18,The Crimson Retreat,562084689,Antonio,,TENTH WARD,42.66095,-73.77813,Entire home/apt,105,1,10,28/11/2024,2.65,3,364,10,
1.2293E+18,It's Like a Treehouse,562084689,Antonio,,TENTH WARD,42.66104,-73.77971,Entire home/apt,99,1,8,10/11/2024,1.83,3,361,8,
1.22934E+18,Indigo Bunting Nest,562084689,Antonio,,ELEVENTH WARD,42.66319,-73.77897,Entire home/apt,113,1,15,21/12/2024,3.41,3,352,15,
1.23026E+18,Chic Garden Apt Center Square | King Bed & Laundry,106288454,Luanne,,SIXTH WARD,42.65507161,-73.76475095,Entire home/apt,118,1,8,27/12/2024,8,1,232,8,
1.23337E+18,Larson Gold,233515764,Etem,,SIXTH WARD,42.65173,-73.76786,Entire home/apt,87,1,26,28/12/2024,6.55,4,76,26,
1.23438E+18,Spacious Garden Apt in Center Square,564967431,Stephanie,,SIXTH WARD,42.65046807,-73.76434796,Entire home/apt,86,2,2,28/10/2024,0.76,2,194,2,
1.23796E+18,TastefulÉ?›in more ways than one!,382970529,Thomas,,SIXTH WARD,42.65507057,-73.76151133,Entire home/apt,125,1,13,29/12/2024,3.64,14,172,13,
1.24062E+18,peaceful 6 underground,412416973,Virginia,,SECOND WARD,42.64567,-73.75883,Private room,71,1,2,23/12/2024,0.86,1,349,2,
1.24223E+18,Nice room in downtown albany,594734396,Abdelrahman,,SECOND WARD,42.6425,-73.75889,Private room,50,1,12,21/12/2024,3.6,1,357,12,
1.2445E+18,The Ladies Playground,512321530,Rashiek,,THIRD WARD,42.66144811,-73.76761513,Entire home/apt,88,1,0,,,1,364,0,
1.24645E+18,Room close to AMC and St peter,652223872,Umit,,TENTH WARD,42.65941683,-73.78360268,Private room,59,3,3,14/12/2024,1.05,1,316,3,
1.2522E+18,"""The Albany Allen Home"" Private Bedroom 4",349460842,Scott,,TENTH WARD,42.66517905,-73.79260148,Private room,56,30,0,,,17,364,0,
1.25226E+18,The Old Lawmaker's Building.,172861174,Vibha,,THIRD WARD,42.6551298,-73.7584295,Private room,107,1,3,28/10/2024,1.05,1,364,3,
1.25226E+18,staycation CAP region,38324986,Gregory,,EIGHTH WARD,42.64548739,-73.78960322,Entire home/apt,216,3,0,,,1,364,0,
1.2523E+18,"""The Albany Allen Home"" Private Bedroom 2",349460842,Scott,,TENTH WARD,42.66555578,-73.79269775,Private room,56,30,1,27/11/2024,0.75,17,336,1,
1.25639E+18,Lovely 1 bedroom across the park,37769478,Erion,,SIXTH WARD,42.65422977,-73.76982577,Entire home/apt,71,1,4,26/10/2024,1.28,11,364,4,
1.2565E+18,"""The LEO Home"" Private Bedroom 3",349460842,Scott,,TENTH WARD,42.66226,-73.78221,Private room,56,30,0,,,17,124,0,
1.25892E+18,Cozy Boho 1BR Near Albany Med & St Peter Hospitals,18490980,Jeremy,,SIXTH WARD,42.65337804,-73.77287076,Entire home/apt,84,2,6,30/12/2024,2.07,2,179,6,
1.2596E+18,Cozy & Convenient Studio at Washington Park Albany,18490980,Jeremy,,SIXTH WARD,42.65584,-73.76565,Entire home/apt,69,28,2,03/11/2024,0.71,2,179,2,
1.26453E+18,"*Serene* Parkside 2BR Apt: Private Entrance, W/D",47625981,Linda,,SEVENTH WARD,42.64762857,-73.76751684,Entire home/apt,145,1,8,20/12/2024,2.82,18,345,8,
1.26534E+18,Stylish studio - downtown Albany,564967431,Stephanie,,SIXTH WARD,42.65004675,-73.76402178,Entire home/apt,80,1,4,21/12/2024,1.69,2,357,4,
1.26668E+18,Row house on the park,1017349,Chris,,SIXTH WARD,42.65319027,-73.769706,Private room,75,1,1,26/10/2024,0.42,1,83,1,
1.26821E+18,Central Location 1 Bed 1 Bath With Parking,270608641,Enkelejda,,SIXTH WARD,42.6513797,-73.76947069,Entire home/apt,,1,6,23/12/2024,2.77,1,0,6,
1.27386E+18,Short term across from UAlbany,658588120,Melinda,,TWELFTH WARD,42.68685059,-73.81405552,Entire home/apt,60,28,0,,,1,325,0,
1.27396E+18,3 Bedroom Cozy Ranch,57127782,Deanna,,FIFTEENTH WARD,42.673155,-73.8203654,Entire home/apt,171,1,13,26/12/2024,5.65,1,323,13,
1.27753E+18,"Historic Charm, Trendy Vibes, Centrally Located",382970529,Thomas,,SIXTH WARD,42.654727,-73.7617826,Entire home/apt,184,1,0,,,14,359,0,
1.27772E+18,Large Center Sq Luxury Retreat.,65760,Anthony,,SIXTH WARD,42.6497616,-73.7645287,Entire home/apt,128,7,0,,,1,268,0,
1.27822E+18,Historic Center Square/ King Suite and Good Eats,382970529,Thomas,,SIXTH WARD,42.65559389,-73.76228544,Private room,95,1,2,15/11/2024,1.03,14,86,2,
1.27978E+18,Spacious & Quiet Townhouse.,528617680,Paola,,SECOND WARD,42.64531128,-73.757934,Private room,75,1,4,31/12/2024,1.88,1,362,4,
1.27985E+18,Cozy room in the heart of Albany,32379616,Fabiola,,THIRD WARD,42.664093,-73.7679519,Private room,35,28,0,,,1,358,0,
1.28143E+18,Basement Apt Near Washington Park & SUNY Downtown,491607190,Nessie,,SIXTH WARD,42.65876131,-73.76808435,Entire home/apt,95,1,0,,,2,10,0,
1.28345E+18,"Historic Charm, King Bed, Chill Vibes n' Good Eats",382970529,Thomas,,SIXTH WARD,42.65364,-73.76217,Private room,95,1,2,16/11/2024,1.15,14,86,2,
1.2886E+18,Washington Lofts 109 Spacious 1 Bedroom 1 Bath,358619880,Properties By Preston,,THIRD WARD,42.65769854,-73.76265862,Entire home/apt,54,31,0,,,5,354,0,
1.2886E+18,Washington Lofts 303 Spacious 1 Bedroom 1 Bath,358619880,Properties By Preston,,THIRD WARD,42.65797247,-73.76464633,Entire home/apt,59,31,0,,,5,119,0,
1.2886E+18,Washington Lofts 304 Spacious 1 Bedroom 1 Bath,358619880,Properties By Preston,,THIRD WARD,42.65735002,-73.76321831,Entire home/apt,64,31,2,07/12/2024,1.67,5,338,2,
1.2886E+18,Washington Lofts 109 Spacious 1 Bedroom 1 Bath,358619880,Properties By Preston,,THIRD WARD,42.65537055,-73.76089577,Entire home/apt,59,31,1,01/12/2024,0.83,5,229,1,
1.2886E+18,Washington Lofts 310 Spacious 1 Bedroom 1 Bath,358619880,Properties By Preston,,SIXTH WARD,42.65678,-73.76367,Entire home/apt,57,31,0,,,5,98,0,
1.28908E+18,"1 bedroom apt close to hospitals,3min to Albanymed",484673863,Blossom Estates,,TENTH WARD,42.65701241,-73.78116252,Entire home/apt,67,1,10,04/01/2025,6.12,3,0,10,
1.29132E+18,The Belvedere,571617730,Zinte,,SECOND WARD,42.6445746,-73.7566836,Entire home/apt,300,1,0,,,1,364,0,
1.29288E+18,É??The Blue HomeÉ?? Private Bedroom 3 / 1 Full Bath,349460842,Scott,,TENTH WARD,42.66229706,-73.78175574,Private room,70,30,0,,,17,200,0,
1.29433E+18,Modern Luxury 2 bedroom w/yard,353498132,Michael,,EIGHTH WARD,42.64592834,-73.79876141,Entire home/apt,99,13,0,,,6,191,0,
1.2958E+18,'The Blue Home' Private Bedroom 1 / 1 Full Bath,349460842,Scott,,THIRTEENTH WARD,42.6634563,-73.78182815,Private room,70,30,0,,,17,174,0,
1.29665E+18,Room in Albany,663670719,Elhadj,,THIRTEENTH WARD,42.66434544,-73.77874573,Private room,45,1,0,,,3,327,0,
1.29676E+18,"Room In Albany, NY",663670719,Elhadj,,ELEVENTH WARD,42.6629497,-73.77890271,Private room,45,1,12,02/01/2025,10,3,355,12,
1.29807E+18,Fresh & Modernized 2BR Fl 1 Apt @ Downtown Albany,44434571,Earl,,SECOND WARD,42.64441207,-73.75226674,Entire home/apt,97,1,1,01/01/2025,1,8,356,1,
1.29863E+18,Mid-century Cozy Retreat W/D,47625981,Linda,,SEVENTH WARD,42.64882384,-73.76664662,Entire home/apt,119,1,1,08/12/2024,1,18,364,1,
1.30064E+18,Hope On The Hill,341431807,Rakee,,FIRST WARD,42.63104023,-73.77196508,Entire home/apt,90,1,2,29/12/2024,2,1,364,2,
1.30376E+18,Stylish Downtown Loft É?? Just 1/2 Mile to MVP Arena,433096110,Brian,,THIRD WARD,42.64857779,-73.75282604,Entire home/apt,99,1,1,01/01/2025,1,4,350,1,
1.30808E+18,É??The Blue HomeÉ?? Private Bedroom 2 / 1 Full Bath,349460842,Scott,,TENTH WARD,42.66299895,-73.78255585,Private room,56,28,0,,,17,259,0,
1.30811E+18,É??The Blue HomeÉ?? Private Bedroom 4 / 1 Full Bath,349460842,Scott,,TENTH WARD,42.66239947,-73.7827126,Private room,56,30,0,,,17,364,0,
1.31017E+18,Private Room In Albany,663670719,Elhadj,,ELEVENTH WARD,42.66375891,-73.77674407,Private room,49,1,2,31/12/2024,2,3,199,2,
1.31245E+18,COZY  house,667142820,Sylvain Marco,,FIFTEENTH WARD,42.6694592,-73.8269249,Entire home/apt,250,30,0,,,1,364,0,
1.31962E+18,Prime Location - 1 Bedroom,559146397,Cathleen,,SIXTH WARD,42.65331,-73.76971,Entire home/apt,73,5,0,,,1,278,0,
1.32549E+18,Walk to Washington Park: Remote Work-Ready Apt!,121680792,Evolve,,SIXTH WARD,42.65481,-73.77287,Entire home/apt,96,2,0,,,6,364,0,
